seed,cipher,rounds,split,n_samples,accuracy,auc_roc,tpr,tnr,accuracy_advantage,advantage_edge,auc_advantage,accuracy_null_p_value,youden_j
1,speck,3,test,15000,0.9472,0.9843799466666667,0.9378666666666666,0.9565333333333333,0.44720000000000004,0.8944000000000001,0.9687598933333335,0.0,0.8944000000000001
1,speck,4,test,15000,0.8449333333333333,0.9095016355555555,0.7626666666666667,0.9272,0.3449333333333333,0.6898666666666666,0.819003271111111,0.0,0.6898666666666666
1,speck,5,test,15000,0.6616,0.7271782933333333,0.6822666666666667,0.6409333333333334,0.16159999999999997,0.32319999999999993,0.45435658666666656,0.0,0.32319999999999993
1,speck,6,test,15000,0.5002666666666666,0.5024025333333334,0.2324,0.7681333333333333,0.0002666666666666373,0.0005333333333332746,0.004805066666666802,0.9544221671078786,0.0005333333333332746
1,speck,7,test,15000,0.4966,0.49496325333333335,0.5193333333333333,0.47386666666666666,-0.003400000000000014,-0.006800000000000028,-0.010073493333333294,0.4095646012815377,-0.006800000000000028
1,speck,8,test,15000,0.5008666666666667,0.5035583822222223,0.23386666666666667,0.7678666666666667,0.0008666666666666822,0.0017333333333333645,0.007116764444444534,0.8382573357112006,0.0017333333333333645
1,speck,9,test,15000,0.505,0.5051484088888889,0.7414666666666667,0.26853333333333335,0.0050000000000000044,0.010000000000000009,0.0102968177777778,0.22376285700399692,0.010000000000000009
1,speck,10,test,15000,0.5018,0.5032308977777777,0.372,0.6316,0.0018000000000000238,0.0036000000000000476,0.006461795555555483,0.6652027704589808,0.0036000000000000476
2,speck,3,test,15000,0.9482,0.98431792,0.9357333333333333,0.9606666666666667,0.44820000000000004,0.8964000000000001,0.9686358399999999,0.0,0.8963999999999999
2,speck,4,test,15000,0.8520666666666666,0.9115848444444445,0.7817333333333333,0.9224,0.35206666666666664,0.7041333333333333,0.8231696888888891,0.0,0.7041333333333333
2,speck,5,test,15000,0.6590666666666667,0.7213225688888888,0.6777333333333333,0.6404,0.1590666666666667,0.3181333333333334,0.4426451377777776,0.0,0.3181333333333334
2,speck,6,test,15000,0.5009333333333333,0.4984176977777778,0.6246666666666667,0.3772,0.0009333333333333416,0.0018666666666666831,-0.003164604444444441,0.8255184413985822,0.0018666666666666831
2,speck,7,test,15000,0.5028,0.5033096355555555,0.2176,0.788,0.0028000000000000247,0.005600000000000049,0.006619271111111047,0.4979681883270534,0.005600000000000049
2,speck,8,test,15000,0.5000666666666667,0.49910894222222224,0.2688,0.7313333333333333,6.666666666665932e-05,0.00013333333333331865,-0.001782115555555519,0.9934854084187253,0.00013333333333331865
2,speck,9,test,15000,0.5002,0.5032451288888888,0.2948,0.7056,0.00019999999999997797,0.00039999999999995595,0.006490257777777675,0.9674357256685169,0.00039999999999995595
2,speck,10,test,15000,0.4908,0.4929817066666667,0.34386666666666665,0.6377333333333334,-0.009199999999999986,-0.018399999999999972,-0.014036586666666628,0.02474143794867323,-0.018399999999999972
3,speck,3,test,15000,0.9481333333333334,0.985759111111111,0.9401333333333334,0.9561333333333333,0.4481333333333334,0.8962666666666668,0.9715182222222221,0.0,0.8962666666666665
3,speck,4,test,15000,0.8470666666666666,0.9082253244444444,0.7825333333333333,0.9116,0.34706666666666663,0.6941333333333333,0.8164506488888887,0.0,0.6941333333333333
3,speck,5,test,15000,0.6567333333333333,0.7249432266666667,0.5658666666666666,0.7476,0.15673333333333328,0.31346666666666656,0.4498864533333333,0.0,0.3134666666666668
3,speck,6,test,15000,0.4966,0.49562105777777776,0.388,0.6052,-0.003400000000000014,-0.006800000000000028,-0.008757884444444475,0.4095646012815377,-0.006800000000000028
3,speck,7,test,15000,0.4962,0.4985093955555555,0.35933333333333334,0.6330666666666667,-0.0038000000000000256,-0.007600000000000051,-0.0029812088888889754,0.35619464841573034,-0.007600000000000051
3,speck,8,test,15000,0.49693333333333334,0.49158194666666666,0.4768,0.5170666666666667,-0.003066666666666662,-0.006133333333333324,-0.016836106666666684,0.4574756023891902,-0.006133333333333324
3,speck,9,test,15000,0.5049333333333333,0.50938048,0.7698666666666667,0.24,0.004933333333333345,0.00986666666666669,0.01876096000000005,0.2300411315920566,0.00986666666666669
3,speck,10,test,15000,0.49393333333333334,0.49168635555555557,0.5716,0.4162666666666667,-0.006066666666666665,-0.01213333333333333,-0.01662728888888887,0.13944297029273575,-0.01213333333333333
4,speck,3,test,15000,0.9492,0.9846382844444443,0.9317333333333333,0.9666666666666667,0.44920000000000004,0.8984000000000001,0.9692765688888887,0.0,0.8984000000000001
4,speck,4,test,15000,0.8407333333333333,0.9032033422222222,0.7870666666666667,0.8944,0.34073333333333333,0.6814666666666667,0.8064066844444444,0.0,0.6814666666666667
4,speck,5,test,15000,0.6694,0.7335894133333333,0.6969333333333333,0.6418666666666667,0.1694,0.3388,0.46717882666666655,0.0,0.3388
4,speck,6,test,15000,0.49773333333333336,0.4988136888888889,0.2628,0.7326666666666667,-0.002266666666666639,-0.004533333333333278,-0.0023726222222222315,0.5843439837719742,-0.004533333333333278
4,speck,7,test,15000,0.5024,0.5027035377777778,0.4196,0.5852,0.0023999999999999577,0.0047999999999999154,0.005407075555555529,0.562109905980028,0.0047999999999999154
4,speck,8,test,15000,0.4945333333333333,0.4928757777777778,0.31666666666666665,0.6724,-0.005466666666666675,-0.01093333333333335,-0.014248444444444397,0.18322352017757765,-0.01093333333333335
4,speck,9,test,15000,0.49766666666666665,0.4933514933333334,0.41973333333333335,0.5756,-0.002333333333333354,-0.004666666666666708,-0.013297013333333219,0.5731758099060775,-0.004666666666666597
4,speck,10,test,15000,0.5012,0.4995042666666667,0.2648,0.7376,0.0011999999999999789,0.0023999999999999577,-0.0009914666666666072,0.77505249053891,0.0023999999999999577
5,speck,3,test,15000,0.9513333333333334,0.9861582666666666,0.9366666666666666,0.966,0.45133333333333336,0.9026666666666667,0.9723165333333332,0.0,0.9026666666666667
5,speck,4,test,15000,0.8466,0.9052462933333333,0.7629333333333334,0.9302666666666667,0.3466,0.6932,0.8104925866666666,0.0,0.6932
5,speck,5,test,15000,0.6703333333333333,0.7325055111111112,0.6648,0.6758666666666666,0.17033333333333334,0.3406666666666667,0.46501102222222235,0.0,0.34066666666666645
5,speck,6,test,15000,0.49493333333333334,0.4949603111111111,0.5132,0.4766666666666667,-0.005066666666666664,-0.010133333333333328,-0.010079377777777787,0.21760807586987435,-0.010133333333333328
5,speck,7,test,15000,0.49893333333333334,0.4989420977777778,0.5642666666666667,0.4336,-0.0010666666666666602,-0.0021333333333333204,-0.002115804444444369,0.800181184019435,-0.0021333333333333204
5,speck,8,test,15000,0.5032,0.49877936000000006,0.18426666666666666,0.8221333333333334,0.0031999999999999806,0.006399999999999961,-0.002441279999999879,0.43794383692005495,0.006399999999999961
5,speck,9,test,15000,0.49506666666666665,0.49461360888888894,0.3852,0.6049333333333333,-0.004933333333333345,-0.00986666666666669,-0.01077278222222211,0.2300411315920566,-0.00986666666666669
5,speck,10,test,15000,0.499,0.48707126222222225,0.9154666666666667,0.08253333333333333,-0.0010000000000000009,-0.0020000000000000018,-0.02585747555555551,0.8128253216596147,-0.0020000000000000018
6,speck,3,test,15000,0.9476666666666667,0.9850141955555554,0.9290666666666667,0.9662666666666667,0.44766666666666666,0.8953333333333333,0.9700283911111107,0.0,0.8953333333333333
6,speck,4,test,15000,0.8449333333333333,0.9088329155555555,0.8045333333333333,0.8853333333333333,0.3449333333333333,0.6898666666666666,0.8176658311111109,0.0,0.6898666666666666
6,speck,5,test,15000,0.6725333333333333,0.73753936,0.6329333333333333,0.7121333333333333,0.17253333333333332,0.34506666666666663,0.47507871999999995,0.0,0.34506666666666663
6,speck,6,test,15000,0.4936,0.4938021955555556,0.4888,0.4984,-0.006400000000000017,-0.012800000000000034,-0.012395608888888798,0.11887314726960935,-0.012799999999999923
6,speck,7,test,15000,0.5041333333333333,0.5040951911111111,0.5221333333333333,0.4861333333333333,0.004133333333333322,0.008266666666666644,0.008190382222222237,0.315238446535669,0.008266666666666644
6,speck,8,test,15000,0.5036,0.5020688888888889,0.6588,0.3484,0.0036000000000000476,0.007200000000000095,0.004137777777777796,0.3823087833285887,0.007200000000000095
6,speck,9,test,15000,0.5008,0.4974206755555556,0.4441333333333333,0.5574666666666667,0.0008000000000000229,0.0016000000000000458,-0.005158648888888839,0.8510387610545161,0.0016000000000000458
6,speck,10,test,15000,0.4942,0.49651391999999994,0.5692,0.4192,-0.005800000000000027,-0.011600000000000055,-0.006972160000000116,0.15778899288315368,-0.011599999999999944
7,speck,3,test,15000,0.9469333333333333,0.98434576,0.9330666666666667,0.9608,0.4469333333333333,0.8938666666666666,0.9686915199999999,0.0,0.8938666666666668
7,speck,4,test,15000,0.8434,0.9050214577777776,0.7937333333333333,0.8930666666666667,0.34340000000000004,0.6868000000000001,0.8100429155555553,0.0,0.6867999999999999
7,speck,5,test,15000,0.6537333333333334,0.7227135555555555,0.6146666666666667,0.6928,0.1537333333333334,0.3074666666666668,0.445427111111111,3.13513167e-315,0.30746666666666655
7,speck,6,test,15000,0.5044,0.5048759377777778,0.5838666666666666,0.42493333333333333,0.0043999999999999595,0.008799999999999919,0.009751875555555678,0.2847942721898031,0.008799999999999919
7,speck,7,test,15000,0.5018,0.5046737422222223,0.5326666666666666,0.4709333333333333,0.0018000000000000238,0.0036000000000000476,0.009347484444444554,0.6652027704589808,0.0036000000000000476
7,speck,8,test,15000,0.5045333333333333,0.5081005155555556,0.5092,0.4998666666666667,0.004533333333333278,0.009066666666666556,0.016201031111111153,0.270343568648145,0.009066666666666556
7,speck,9,test,15000,0.5018666666666667,0.5049434755555555,0.8354666666666667,0.16826666666666668,0.0018666666666666831,0.0037333333333333663,0.009886951111111042,0.6533803476070023,0.0037333333333333663
7,speck,10,test,15000,0.5014666666666666,0.49486944888888884,0.1896,0.8133333333333334,0.0014666666666666162,0.0029333333333332323,-0.010261102222222318,0.7255194648763293,0.0029333333333334544
8,speck,3,test,15000,0.9528,0.9863532622222222,0.9412,0.9644,0.4528,0.9056,0.9727065244444444,0.0,0.9056000000000002
8,speck,4,test,15000,0.8524666666666667,0.9114373244444445,0.7921333333333334,0.9128,0.3524666666666667,0.7049333333333334,0.822874648888889,0.0,0.7049333333333334
8,speck,5,test,15000,0.6664666666666667,0.7309730133333334,0.6461333333333333,0.6868,0.16646666666666665,0.3329333333333333,0.46194602666666684,0.0,0.3329333333333333
8,speck,6,test,15000,0.5049333333333333,0.50518992,0.6526666666666666,0.3572,0.004933333333333345,0.00986666666666669,0.010379839999999918,0.2300411315920566,0.00986666666666669
8,speck,7,test,15000,0.5074666666666666,0.5068396533333333,0.3152,0.6997333333333333,0.0074666666666666215,0.014933333333333243,0.013679306666666502,0.0686356225339655,0.014933333333333243
8,speck,8,test,15000,0.5042,0.5038608,0.264,0.7444,0.0041999999999999815,0.008399999999999963,0.007721599999999995,0.307434054180429,0.008399999999999963
8,speck,9,test,15000,0.4996,0.50484376,0.4128,0.5864,-0.00040000000000001146,-0.0008000000000000229,0.00968751999999995,0.928434920322424,-0.0007999999999999119
8,speck,10,test,15000,0.49593333333333334,0.4979150044444445,0.38133333333333336,0.6105333333333334,-0.004066666666666663,-0.008133333333333326,-0.004169991111111049,0.3231718804636641,-0.008133333333333326
9,speck,3,test,15000,0.9479333333333333,0.9848182488888888,0.9365333333333333,0.9593333333333334,0.4479333333333333,0.8958666666666666,0.9696364977777776,0.0,0.8958666666666666
9,speck,4,test,15000,0.8550666666666666,0.9124365422222223,0.7844,0.9257333333333333,0.35506666666666664,0.7101333333333333,0.8248730844444445,0.0,0.7101333333333333
9,speck,5,test,15000,0.67,0.7344033955555556,0.6444,0.6956,0.17000000000000004,0.3400000000000001,0.4688067911111111,0.0,0.33999999999999986
9,speck,6,test,15000,0.505,0.5014042133333334,0.24026666666666666,0.7697333333333334,0.0050000000000000044,0.010000000000000009,0.002808426666666808,0.22376285700399692,0.010000000000000009
9,speck,7,test,15000,0.5028666666666667,0.49911312888888887,0.4384,0.5673333333333334,0.002866666666666684,0.005733333333333368,-0.0017737422222222632,0.48766960700104317,0.005733333333333368
9,speck,8,test,15000,0.505,0.5055916088888889,0.7993333333333333,0.21066666666666667,0.0050000000000000044,0.010000000000000009,0.011183217777777754,0.22376285700399692,0.010000000000000009
9,speck,9,test,15000,0.49806666666666666,0.5005008622222222,0.6332,0.36293333333333333,-0.0019333333333333425,-0.003866666666666685,0.0010017244444444628,0.6416443000548142,-0.003866666666666685
9,speck,10,test,15000,0.5026,0.49992128,0.7032,0.302,0.0026000000000000467,0.0052000000000000934,-0.00015743999999995317,0.5295453113036798,0.0052000000000000934
10,speck,3,test,15000,0.9472666666666667,0.9856762044444444,0.9365333333333333,0.958,0.4472666666666667,0.8945333333333334,0.9713524088888887,0.0,0.8945333333333334
10,speck,4,test,15000,0.8484666666666667,0.9104522488888889,0.7841333333333333,0.9128,0.3484666666666667,0.6969333333333334,0.8209044977777777,0.0,0.6969333333333334
10,speck,5,test,15000,0.6631333333333334,0.7273855644444445,0.6513333333333333,0.6749333333333334,0.16313333333333335,0.3262666666666667,0.45477112888888893,0.0,0.3262666666666667
10,speck,6,test,15000,0.5019333333333333,0.5030118844444444,0.6412,0.3626666666666667,0.0019333333333333425,0.003866666666666685,0.006023768888888892,0.6416443000548142,0.003866666666666685
10,speck,7,test,15000,0.5006,0.5020183822222222,0.46813333333333335,0.5330666666666667,0.0006000000000000449,0.0012000000000000899,0.004036764444444341,0.8896052998225769,0.0012000000000000899
10,speck,8,test,15000,0.5024666666666666,0.5025129511111112,0.8308,0.17413333333333333,0.002466666666666617,0.004933333333333234,0.005025902222222323,0.5511482588452178,0.004933333333333234
10,speck,9,test,15000,0.5004,0.49818064888888886,0.3628,0.638,0.00039999999999995595,0.0007999999999999119,-0.00363870222222229,0.928434920322424,0.0007999999999999119
10,speck,10,test,15000,0.49593333333333334,0.49750047111111106,0.34186666666666665,0.65,-0.004066666666666663,-0.008133333333333326,-0.004999057777777871,0.3231718804636641,-0.008133333333333326
