cipher,rounds,metric,baseline_mean,baseline_ci95_low,baseline_ci95_high,candidate_mean,candidate_ci95_low,candidate_ci95_high,mean_difference,ci95_overlap,paired_n,paired_difference_mean,paired_difference_ci95_low,paired_difference_ci95_high,paired_difference_excludes_zero,paired_p_value,paired_p_value_holm,paired_significant_holm
simon,3,auc_roc,0.9999781173333334,0.9999531565590994,1.0,0.9999496337777778,0.9998869310183156,1.0,-2.8483555555625095e-05,True,10,-2.8483555555547378e-05,-8.134883706971145e-05,2.4381725958616683e-05,False,0.25391788113446495,1.0,False
simon,3,advantage_edge,0.9993066666666668,0.9990194860247936,0.99959384730854,0.99936,0.999059070968573,0.999660929031427,5.333333333323864e-05,True,10,5.3333333333349664e-05,-0.0003967147755024816,0.000503381442169181,False,0.7946955280723054,1.0,False
simon,4,auc_roc,0.99888604,0.9987033228648121,0.999068757135188,0.9994835288888888,0.9993561347360913,0.9996109230416863,0.0005974888888887753,False,10,0.0005974888888889085,0.0003368064374155706,0.0008581713403622464,True,0.0005758355852852796,0.010365040535135032,True
simon,4,advantage_edge,0.9882266666666666,0.9866479091762612,0.989805424157072,0.9924,0.9914655265782271,0.9933344734217728,0.004173333333333362,False,10,0.00417333333333334,0.0023011176099605214,0.006045549056706158,True,0.00069770023959676,0.01186090407314492,True
simon,5,auc_roc,0.969964328,0.9690459725715281,0.9708826834284718,0.9767035324444444,0.9761263826655627,0.9772806822233261,0.006739204444444424,False,10,0.006739204444444457,0.005811112706070455,0.00766729618281846,True,5.116380434377645e-08,1.227931304250635e-06,True
simon,5,advantage_edge,0.8346133333333334,0.8302470837454351,0.8389795829212318,0.8546533333333335,0.8495626425870311,0.8597440240796359,0.020040000000000058,False,10,0.020039999999999968,0.015868884236540787,0.02421111576345915,True,1.7827314206050296e-06,3.9220091253310654e-05,True
simon,6,auc_roc,0.7528008577777779,0.750219087185161,0.7553826283703949,0.7649930737777777,0.7622893881246969,0.7676967594308585,0.012192215999999756,False,10,0.012192215999999955,0.010506163484826669,0.013878268515173242,True,5.3056571447063694e-08,1.227931304250635e-06,True
simon,6,advantage_edge,0.3560533333333334,0.35166031424282174,0.36044635242384504,0.38184,0.374588235818555,0.38909176418144503,0.025786666666666624,False,10,0.025786666666666645,0.019125895174160867,0.03244743815917243,True,1.0673192699128163e-05,0.00022413704668169143,True
simon,7,auc_roc,0.5804407022222222,0.5771139916083263,0.5837674128361181,0.5794743653333333,0.5710988679020487,0.5878498627646179,-0.000966336888888919,True,10,-0.000966336888888919,-0.011115760903407329,0.00918308712562949,False,0.8342823771700999,1.0,False
simon,7,advantage_edge,0.12317333333333333,0.1157620694579609,0.13058459720870577,0.11421333333333335,0.1014749070425024,0.1269517596241643,-0.008959999999999982,True,10,-0.00895999999999999,-0.026498200639371347,0.008578200639371364,False,0.27759246860625764,1.0,False
simon,8,auc_roc,0.5032658924444445,0.5004681049898414,0.5060636798990477,0.5147764355555555,0.5104376665092658,0.5191152046018452,0.011510543111110993,False,10,0.011510543111111115,0.006912823861367178,0.016108262360855052,True,0.0003084594870977644,0.005860730254857523,True
simon,8,advantage_edge,0.004226666666666668,-0.0007541588941058098,0.009207492227439145,0.02135999999999998,0.01408402545070723,0.02863597454929273,0.017133333333333313,False,10,0.017133333333333313,0.010610858039057054,0.023655808627609572,True,0.00021751492635659287,0.004350298527131857,True
simon,9,auc_roc,0.500836136888889,0.49742937142380483,0.5042429023539731,0.4992457395555556,0.4964309791601058,0.5020604999510054,-0.0015903973333333266,True,10,-0.001590397333333321,-0.006180505022152992,0.00299971035548635,False,0.45332045434795193,1.0,False
simon,9,advantage_edge,-0.0004933333333333123,-0.006660715345262413,0.005674048678595787,0.0009866666666666691,-0.0034587259021048324,0.00543205923543817,0.0014799999999999813,True,10,0.0014799999999999813,-0.0040276212015957396,0.006987621201595702,False,0.5583168771219458,1.0,False
simon,10,auc_roc,0.49950909955555556,0.49591007291539285,0.5031081261957183,0.49891809955555555,0.49611945960083087,0.5017167395102803,-0.0005910000000000082,True,10,-0.0005909999999999694,-0.0051440641308062975,0.003962064130806359,False,0.7757113113324,1.0,False
simon,10,advantage_edge,0.00041333333333333223,-0.0055908637694199684,0.006417530436086633,-0.0005600000000000382,-0.007762397725399839,0.006642397725399763,-0.0009733333333333705,True,10,-0.0009733333333333705,-0.011833078763343316,0.009886412096676574,False,0.8438492031276438,1.0,False
speck,3,auc_roc,0.9851461199999999,0.984590268343235,0.9857019716567648,0.9999626079999999,0.9999404420286643,0.9999847739713356,0.014816488000000017,False,10,0.014816488000000039,0.01426046827459701,0.015372507725403068,True,4.798948842340358e-13,1.240890358868657e-11,True
speck,3,advantage_edge,0.8973333333333334,0.8945676615160548,0.900099005150612,0.99536,0.9937186259146137,0.9970013740853864,0.0980266666666666,False,10,0.09802666666666666,0.09456277173739028,0.10149056159594305,True,2.7959138447944843e-13,7.548967380945107e-12,True
speck,4,auc_roc,0.908594192888889,0.9063410816988167,0.9108473040789613,0.9801526302222221,0.9792850370309835,0.9810202234134607,0.07155843733333311,False,10,0.07155843733333339,0.06929735716799401,0.07381951749867277,True,1.0238020901153791e-13,2.9690260613345995e-12,True
speck,4,advantage_edge,0.6951466666666667,0.6887411547426507,0.7015521785906826,0.8829466666666667,0.88127984340341,0.8846134899299233,0.18779999999999997,False,10,0.18780000000000002,0.18193463167912233,0.19366536832087772,True,9.221232897675199e-14,2.7663698693025597e-12,True
speck,5,auc_roc,0.7292553902222222,0.7254140286450146,0.7330967517994298,0.9084495813333333,0.9066433077568956,0.910255854909771,0.17919419111111112,False,10,0.1791941911111111,0.17492052229886398,0.1834678599233582,True,8.164943916239061e-15,2.6127820531964996e-13,True
speck,5,advantage_edge,0.3286,0.3193983437585521,0.3378016562414479,0.7086,0.7060179368132355,0.7111820631867645,0.38,False,10,0.38,0.37040909892385265,0.38959090107614736,True,1.3587204938895655e-14,4.212033531057653e-13,True
speck,6,auc_roc,0.49984994400000005,0.49688913573253285,0.5028107522674673,0.7074723617777778,0.7026039914172362,0.7123407321383195,0.2076224177777778,False,10,0.20762241777777776,0.20094363118194117,0.21430120437361436,True,1.202310020620767e-13,3.3664680577381478e-12,True
speck,6,advantage_edge,6.666666666665932e-05,-0.005902719581926146,0.006036052915259465,0.3299600000000001,0.32034299478543005,0.3395770052145701,0.3298933333333334,False,10,0.3298933333333333,0.317520967574498,0.34226569909216864,True,4.772655226417912e-13,1.240890358868657e-11,True
speck,7,auc_roc,0.5015168017777778,0.498968532474131,0.5040650710814246,0.5014032035555555,0.4971279589859414,0.5056784481251695,-0.00011359822222234417,True,10,-0.00011359822222222759,-0.005232498948853031,0.005005302504408575,False,0.9610609261395568,1.0,False
speck,7,advantage_edge,0.002759999999999996,-0.0021577244420745807,0.007677724442074573,0.003653333333333353,-0.0038939283787079414,0.011200595045374647,0.0008933333333333571,True,10,0.0008933333333333571,-0.00924509819573028,0.011031764862396994,False,0.84644823732303,1.0,False
speck,8,auc_roc,0.5008039173333334,0.4970152132084179,0.5045926214582489,0.4999539075555555,0.4960037200395803,0.5039040950715307,-0.0008500097777778826,True,10,-0.0008500097777778104,-0.006262428166938953,0.0045624086113833315,False,0.7305908832146788,1.0,False
speck,8,advantage_edge,0.003079999999999983,-0.0018942060618354064,0.008054206061835371,0.0018000000000000017,-0.0040294164693675145,0.007629416469367519,-0.0012799999999999812,True,10,-0.0012799999999999812,-0.00798282204427025,0.005422822044270286,False,0.6759335837035731,1.0,False
speck,9,auc_roc,0.5011628542222222,0.4974472503295616,0.5048784581148827,0.5014667253333334,0.49762957117939827,0.5053038794872685,0.0003038711111111869,True,10,0.0003038711111111092,-0.005088747390691335,0.005696489612913553,False,0.9013768773956169,1.0,False
speck,9,advantage_edge,0.0007199999999999874,-0.003703512363400354,0.005143512363400328,0.0003866666666666685,-0.006358730440813357,0.007132063774146695,-0.00033333333333331885,True,10,-0.00033333333333331885,-0.00913757982006408,0.008470913153397442,False,0.9336271370381246,1.0,False
speck,10,auc_roc,0.49611946133333334,0.49279244634439423,0.49944647632227246,0.49770209511111113,0.49450886996623644,0.5008953202559858,0.0015826337777777866,True,10,0.0015826337777778033,-0.0023950208267818213,0.005560288382337427,False,0.39156170787801825,1.0,False
speck,10,advantage_edge,-0.004626666666666668,-0.010452232863217868,0.0011988995298845319,-0.004039999999999999,-0.010340328631372252,0.002260328631372253,0.0005866666666666685,True,10,0.0005866666666666687,-0.006971033233923316,0.008144366567256653,False,0.8645048463542276,1.0,False
