seed,cipher,rounds,split,n_samples,input_delta_left,input_delta_right,accuracy,auc_roc,tpr,tnr,accuracy_advantage,advantage_edge,auc_advantage,accuracy_null_p_value,accuracy_null_log10_p_value,accuracy_null_test,youden_j
1,speck,3,test,15000,64,0,0.9966666666666667,0.9999503822222222,0.9957333333333334,0.9976,0.4966666666666667,0.9933333333333334,0.9999007644444444,0.0,-4370.462516609799,conditional_hypergeometric_fixed_margins_v1,0.9933333333333334
1,speck,4,test,15000,64,0,0.9426,0.9804285244444444,0.9265333333333333,0.9586666666666667,0.4426,0.8852,0.9608570488888888,0.0,-3097.163171025132,conditional_hypergeometric_fixed_margins_v1,0.8852
1,speck,5,test,15000,64,0,0.8563333333333333,0.9122323644444444,0.8189333333333333,0.8937333333333334,0.3563333333333333,0.7126666666666666,0.8244647288888889,0.0,-1854.761523243113,conditional_hypergeometric_fixed_margins_v1,0.7126666666666668
1,speck,6,test,15000,64,0,0.6648666666666667,0.7050573333333333,0.5053333333333333,0.8244,0.16486666666666672,0.32973333333333343,0.4101146666666666,0.0,-408.35339266348853,conditional_hypergeometric_fixed_margins_v1,0.32973333333333343
1,speck,7,test,15000,64,0,0.5025333333333334,0.5023941688888889,0.8053333333333333,0.19973333333333335,0.0025333333333333874,0.005066666666666775,0.0047883377777777625,0.4476917680248953,-0.3490208911743653,conditional_hypergeometric_fixed_margins_v1,0.005066666666666775
1,speck,8,test,15000,64,0,0.4982,0.4971615555555555,0.3612,0.6352,-0.0018000000000000238,-0.0036000000000000476,-0.0056768888888889535,0.658872099691801,-0.18119888250625035,conditional_hypergeometric_fixed_margins_v1,-0.0036000000000000476
1,speck,9,test,15000,64,0,0.49793333333333334,0.49866212444444447,0.4998666666666667,0.496,-0.002066666666666661,-0.004133333333333322,-0.0026757511111110688,0.624204987940517,-0.20467276526634853,conditional_hypergeometric_fixed_margins_v1,-0.004133333333333322
1,speck,10,test,15000,64,0,0.5061333333333333,0.50322608,0.6918666666666666,0.3204,0.006133333333333324,0.012266666666666648,0.00645216000000004,0.10947179927812986,-0.9606977437943639,conditional_hypergeometric_fixed_margins_v1,0.012266666666666648
2,speck,3,test,15000,64,0,0.9980666666666667,0.9999748799999999,0.9984,0.9977333333333334,0.49806666666666666,0.9961333333333333,0.9999497599999998,0.0,-4423.827676600443,conditional_hypergeometric_fixed_margins_v1,0.9961333333333333
2,speck,4,test,15000,64,0,0.9418,0.9804268,0.9198666666666667,0.9637333333333333,0.44179999999999997,0.8835999999999999,0.9608536000000001,0.0,-3093.22702020734,conditional_hypergeometric_fixed_margins_v1,0.8835999999999999
2,speck,5,test,15000,64,0,0.8556666666666667,0.9093783200000001,0.8101333333333334,0.9012,0.3556666666666667,0.7113333333333334,0.8187566400000001,0.0,-1856.2965311366816,conditional_hypergeometric_fixed_margins_v1,0.7113333333333334
2,speck,6,test,15000,64,0,0.6625333333333333,0.7074437422222223,0.5366666666666666,0.7884,0.1625333333333333,0.3250666666666666,0.41488748444444457,0.0,-378.29665925274975,conditional_hypergeometric_fixed_margins_v1,0.3250666666666666
2,speck,7,test,15000,64,0,0.493,0.49324612444444443,0.4849333333333333,0.5010666666666667,-0.007000000000000006,-0.014000000000000012,-0.013507751111111133,0.08940367295275271,-1.0486446388064774,conditional_hypergeometric_fixed_margins_v1,-0.014000000000000012
2,speck,8,test,15000,64,0,0.498,0.49443226666666673,0.8205333333333333,0.17546666666666666,-0.0020000000000000018,-0.0040000000000000036,-0.011135466666666538,0.5354271326135244,-0.2712996248454545,conditional_hypergeometric_fixed_margins_v1,-0.0040000000000000036
2,speck,9,test,15000,64,0,0.4978666666666667,0.4950046488888889,0.7568,0.23893333333333333,-0.0021333333333333204,-0.004266666666666641,-0.009990702222222203,0.5540147856844536,-0.25647864455770486,conditional_hypergeometric_fixed_margins_v1,-0.004266666666666641
2,speck,10,test,15000,64,0,0.49666666666666665,0.4926952977777778,0.6934666666666667,0.29986666666666667,-0.003333333333333355,-0.00666666666666671,-0.014609404444444363,0.3840688363584396,-0.4155909303944137,conditional_hypergeometric_fixed_margins_v1,-0.006666666666666599
3,speck,3,test,15000,64,0,0.9976,0.9999776533333333,0.9996,0.9956,0.49760000000000004,0.9952000000000001,0.9999553066666667,0.0,-4411.156103170045,conditional_hypergeometric_fixed_margins_v1,0.9952000000000001
3,speck,4,test,15000,64,0,0.9408,0.9804717244444445,0.9134666666666666,0.9681333333333333,0.44079999999999997,0.8815999999999999,0.960943448888889,0.0,-3087.7007824664947,conditional_hypergeometric_fixed_margins_v1,0.8815999999999999
3,speck,5,test,15000,64,0,0.8527333333333333,0.9044651555555556,0.8166666666666667,0.8888,0.35273333333333334,0.7054666666666667,0.8089303111111112,0.0,-1811.157990741364,conditional_hypergeometric_fixed_margins_v1,0.7054666666666667
3,speck,6,test,15000,64,0,0.6648666666666667,0.7082461066666667,0.5037333333333334,0.826,0.16486666666666672,0.32973333333333343,0.4164922133333333,0.0,-409.4175418858242,conditional_hypergeometric_fixed_margins_v1,0.32973333333333343
3,speck,7,test,15000,64,0,0.5086,0.5084547644444444,0.47546666666666665,0.5417333333333333,0.008600000000000052,0.017200000000000104,0.016909528888888747,0.03618202291701861,-1.441507155631576,conditional_hypergeometric_fixed_margins_v1,0.017199999999999882
3,speck,8,test,15000,64,0,0.5015333333333334,0.5022944177777777,0.364,0.6390666666666667,0.0015333333333333865,0.003066666666666773,0.004588835555555448,0.7086494783845536,-0.14956852821056424,conditional_hypergeometric_fixed_margins_v1,0.003066666666666773
3,speck,9,test,15000,64,0,0.4944,0.4954137155555555,0.5348,0.454,-0.005599999999999994,-0.011199999999999988,-0.009172568888888954,0.17388148076907436,-0.7597466700276712,conditional_hypergeometric_fixed_margins_v1,-0.011199999999999877
3,speck,10,test,15000,64,0,0.5010666666666667,0.5007292622222222,0.32453333333333334,0.6776,0.0010666666666666602,0.0021333333333333204,0.0014585244444444978,0.7934695544211359,-0.10046973255194053,conditional_hypergeometric_fixed_margins_v1,0.0021333333333333204
4,speck,3,test,15000,64,0,0.9958666666666667,0.99989792,0.9966666666666667,0.9950666666666667,0.4958666666666667,0.9917333333333334,0.99979584,0.0,-4341.086050068856,conditional_hypergeometric_fixed_margins_v1,0.9917333333333334
4,speck,4,test,15000,64,0,0.9404,0.9781041333333335,0.9228,0.958,0.4404,0.8808,0.9562082666666669,0.0,-3059.2016372141247,conditional_hypergeometric_fixed_margins_v1,0.8807999999999998
4,speck,5,test,15000,64,0,0.8537333333333333,0.907701591111111,0.8174666666666667,0.89,0.35373333333333334,0.7074666666666667,0.8154031822222221,0.0,-1823.0144952029245,conditional_hypergeometric_fixed_margins_v1,0.7074666666666667
4,speck,6,test,15000,64,0,0.662,0.7092128533333333,0.5670666666666667,0.7569333333333333,0.16200000000000003,0.32400000000000007,0.41842570666666656,0.0,-363.96587420465005,conditional_hypergeometric_fixed_margins_v1,0.32400000000000007
4,speck,7,test,15000,64,0,0.5048,0.5067264088888889,0.7345333333333334,0.2750666666666667,0.0048000000000000265,0.009600000000000053,0.013452817777777737,0.1917625193341371,-0.7172362732707807,conditional_hypergeometric_fixed_margins_v1,0.009600000000000053
4,speck,8,test,15000,64,0,0.49853333333333333,0.50171736,0.7608,0.23626666666666668,-0.0014666666666666717,-0.0029333333333333433,0.003434720000000002,0.6871085951895984,-0.16297461874177832,conditional_hypergeometric_fixed_margins_v1,-0.0029333333333332323
4,speck,9,test,15000,64,0,0.49793333333333334,0.5013009955555556,0.32106666666666667,0.6748,-0.002066666666666661,-0.004133333333333322,0.002601991111111257,0.6004470727800464,-0.22152526804892625,conditional_hypergeometric_fixed_margins_v1,-0.004133333333333322
4,speck,10,test,15000,64,0,0.4964,0.49651628444444446,0.3192,0.6736,-0.003599999999999992,-0.007199999999999984,-0.006967431111111089,0.3546748236471665,-0.4501696385344582,conditional_hypergeometric_fixed_margins_v1,-0.007200000000000095
5,speck,3,test,15000,64,0,0.9977333333333334,0.9999471466666666,0.9981333333333333,0.9973333333333333,0.49773333333333336,0.9954666666666667,0.9998942933333332,0.0,-4410.551439804214,conditional_hypergeometric_fixed_margins_v1,0.9954666666666667
5,speck,4,test,15000,64,0,0.9414,0.9809124977777778,0.9290666666666667,0.9537333333333333,0.4414,0.8828,0.9618249955555556,0.0,-3070.0766645034037,conditional_hypergeometric_fixed_margins_v1,0.8828
5,speck,5,test,15000,64,0,0.8560666666666666,0.9104614666666667,0.8256,0.8865333333333333,0.35606666666666664,0.7121333333333333,0.8209229333333334,0.0,-1845.102482796705,conditional_hypergeometric_fixed_margins_v1,0.7121333333333333
5,speck,6,test,15000,64,0,0.6669333333333334,0.7117763377777777,0.5118666666666667,0.822,0.16693333333333338,0.33386666666666676,0.4235526755555554,0.0,-416.014074650056,conditional_hypergeometric_fixed_margins_v1,0.33386666666666676
5,speck,7,test,15000,64,0,0.5065333333333333,0.5043803288888888,0.7654666666666666,0.2476,0.00653333333333328,0.01306666666666656,0.00876065777777768,0.06406920077136004,-1.193350693563205,conditional_hypergeometric_fixed_margins_v1,0.01306666666666656
5,speck,8,test,15000,64,0,0.49433333333333335,0.4897934222222222,0.35933333333333334,0.6293333333333333,-0.005666666666666653,-0.011333333333333306,-0.020413155555555562,0.15426272210696285,-0.8117390093821397,conditional_hypergeometric_fixed_margins_v1,-0.011333333333333417
5,speck,9,test,15000,64,0,0.4987333333333333,0.49706784888888883,0.4746666666666667,0.5228,-0.0012666666666666937,-0.0025333333333333874,-0.0058643022222223395,0.7685452108299714,-0.11433057938551941,conditional_hypergeometric_fixed_margins_v1,-0.0025333333333332764
5,speck,10,test,15000,64,0,0.49533333333333335,0.49415022222222227,0.5088,0.48186666666666667,-0.004666666666666652,-0.009333333333333305,-0.011699555555555463,0.2596681261260303,-0.5855813560970327,conditional_hypergeometric_fixed_margins_v1,-0.009333333333333305
6,speck,3,test,15000,64,0,0.9964666666666666,0.9999353777777776,0.9974666666666666,0.9954666666666667,0.4964666666666666,0.9929333333333332,0.9998707555555553,0.0,-4363.169215195094,conditional_hypergeometric_fixed_margins_v1,0.9929333333333332
6,speck,4,test,15000,64,0,0.9411333333333334,0.9803039555555555,0.9214666666666667,0.9608,0.4411333333333334,0.8822666666666668,0.960607911111111,0.0,-3076.2972106916645,conditional_hypergeometric_fixed_margins_v1,0.8822666666666668
6,speck,5,test,15000,64,0,0.8553333333333333,0.9098677599999999,0.814,0.8966666666666666,0.3553333333333333,0.7106666666666666,0.8197355199999998,0.0,-1847.2275886305506,conditional_hypergeometric_fixed_margins_v1,0.7106666666666666
6,speck,6,test,15000,64,0,0.6728,0.7134846933333333,0.5086666666666667,0.8369333333333333,0.17279999999999995,0.3455999999999999,0.4269693866666666,0.0,-453.4684705186438,conditional_hypergeometric_fixed_margins_v1,0.34560000000000013
6,speck,7,test,15000,64,0,0.5082,0.5090617155555555,0.7044,0.312,0.008199999999999985,0.01639999999999997,0.01812343111111092,0.030307281920603838,-1.518453011168345,conditional_hypergeometric_fixed_margins_v1,0.01639999999999997
6,speck,8,test,15000,64,0,0.5063333333333333,0.5057039377777778,0.5696,0.44306666666666666,0.006333333333333302,0.012666666666666604,0.011407875555555558,0.12175135016481387,-0.9145262139664941,conditional_hypergeometric_fixed_margins_v1,0.012666666666666604
6,speck,9,test,15000,64,0,0.4992666666666667,0.5010456177777778,0.6498666666666667,0.3486666666666667,-0.0007333333333333081,-0.0014666666666666162,0.0020912355555555706,0.8640265638017739,-0.06347290528130746,conditional_hypergeometric_fixed_margins_v1,-0.0014666666666666162
6,speck,10,test,15000,64,0,0.4952,0.49375614222222225,0.09706666666666666,0.8933333333333333,-0.0048000000000000265,-0.009600000000000053,-0.0124877155555555,0.055262989788784,-1.2575656229727727,conditional_hypergeometric_fixed_margins_v1,-0.009600000000000053
7,speck,3,test,15000,64,0,0.9996666666666667,0.9999992711111112,0.9998666666666667,0.9994666666666666,0.4996666666666667,0.9993333333333334,0.9999985422222224,0.0,-4494.967523422614,conditional_hypergeometric_fixed_margins_v1,0.9993333333333334
7,speck,4,test,15000,64,0,0.9413333333333334,0.9813137244444445,0.9328,0.9498666666666666,0.44133333333333336,0.8826666666666667,0.9626274488888891,0.0,-3065.1743240414044,conditional_hypergeometric_fixed_margins_v1,0.8826666666666667
7,speck,5,test,15000,64,0,0.8556,0.9109350577777777,0.8109333333333333,0.9002666666666667,0.3556,0.7112,0.8218701155555554,0.0,-1854.4016694745292,conditional_hypergeometric_fixed_margins_v1,0.7111999999999998
7,speck,6,test,15000,64,0,0.6736666666666666,0.7185359555555556,0.5533333333333333,0.794,0.17366666666666664,0.34733333333333327,0.4370719111111112,0.0,-430.5228367938244,conditional_hypergeometric_fixed_margins_v1,0.34733333333333327
7,speck,7,test,15000,64,0,0.4968666666666667,0.5003961244444445,0.6601333333333333,0.3336,-0.0031333333333333213,-0.006266666666666643,0.0007922488888889578,0.42676617052611976,-0.3698100141213429,conditional_hypergeometric_fixed_margins_v1,-0.006266666666666643
7,speck,8,test,15000,64,0,0.5001333333333333,0.5001766133333333,0.154,0.8462666666666666,0.00013333333333331865,0.0002666666666666373,0.0003532266666665951,0.9819467915201948,-0.007912044570724456,conditional_hypergeometric_fixed_margins_v1,0.0002666666666666373
7,speck,9,test,15000,64,0,0.5048666666666667,0.5035952533333333,0.5865333333333334,0.4232,0.004866666666666686,0.009733333333333372,0.007190506666666652,0.23335443607857323,-0.6319839387422558,conditional_hypergeometric_fixed_margins_v1,0.009733333333333372
7,speck,10,test,15000,64,0,0.5037333333333334,0.5049768355555555,0.3626666666666667,0.6448,0.0037333333333333663,0.0074666666666667325,0.009953671111111007,0.3491818456519231,-0.45694834382713906,conditional_hypergeometric_fixed_margins_v1,0.0074666666666667325
8,speck,3,test,15000,64,0,0.9976,0.9999617244444445,0.9981333333333333,0.9970666666666667,0.49760000000000004,0.9952000000000001,0.9999234488888891,0.0,-4405.466715172476,conditional_hypergeometric_fixed_margins_v1,0.9952000000000001
8,speck,4,test,15000,64,0,0.9401333333333334,0.9793780977777778,0.924,0.9562666666666667,0.4401333333333334,0.8802666666666668,0.9587561955555557,0.0,-3052.0466926364857,conditional_hypergeometric_fixed_margins_v1,0.8802666666666668
8,speck,5,test,15000,64,0,0.8514,0.9066191733333333,0.8250666666666666,0.8777333333333334,0.35140000000000005,0.7028000000000001,0.8132383466666666,0.0,-1787.7801992668083,conditional_hypergeometric_fixed_margins_v1,0.7027999999999999
8,speck,6,test,15000,64,0,0.6534,0.6954411377777778,0.484,0.8228,0.15339999999999998,0.30679999999999996,0.39088227555555566,0.0,-357.8793557307967,conditional_hypergeometric_fixed_margins_v1,0.30679999999999996
8,speck,7,test,15000,64,0,0.5018,0.5003922933333333,0.4764,0.5272,0.0018000000000000238,0.0036000000000000476,0.0007845866666666979,0.6707454300780363,-0.17344227758058933,conditional_hypergeometric_fixed_margins_v1,0.0036000000000000476
8,speck,8,test,15000,64,0,0.5022,0.5005233688888888,0.6154666666666667,0.38893333333333335,0.0021999999999999797,0.0043999999999999595,0.0010467377777776399,0.5916112880192504,-0.22796354820167777,conditional_hypergeometric_fixed_margins_v1,0.0043999999999999595
8,speck,9,test,15000,64,0,0.5112,0.5124116266666666,0.46653333333333336,0.5558666666666666,0.011199999999999988,0.022399999999999975,0.02482325333333324,0.006178628306168875,-2.209107930280681,conditional_hypergeometric_fixed_margins_v1,0.022399999999999975
8,speck,10,test,15000,64,0,0.4988666666666667,0.5013081155555555,0.3817333333333333,0.616,-0.0011333333333333195,-0.002266666666666639,0.002616231111111089,0.7881173864541736,-0.10340909153015322,conditional_hypergeometric_fixed_margins_v1,-0.002266666666666639
9,speck,3,test,15000,64,0,0.999,0.9999930133333332,0.9993333333333333,0.9986666666666667,0.499,0.998,0.9999860266666665,0.0,-4463.477555590179,conditional_hypergeometric_fixed_margins_v1,0.998
9,speck,4,test,15000,64,0,0.9441333333333334,0.9818591022222223,0.9205333333333333,0.9677333333333333,0.4441333333333334,0.8882666666666668,0.9637182044444446,0.0,-3141.0280737002668,conditional_hypergeometric_fixed_margins_v1,0.8882666666666665
9,speck,5,test,15000,64,0,0.8543333333333333,0.9074011733333334,0.8197333333333333,0.8889333333333334,0.3543333333333333,0.7086666666666666,0.8148023466666667,0.0,-1828.4359315995011,conditional_hypergeometric_fixed_margins_v1,0.7086666666666668
9,speck,6,test,15000,64,0,0.672,0.7073039111111111,0.5037333333333334,0.8402666666666667,0.17200000000000004,0.3440000000000001,0.41460782222222226,0.0,-452.3522085950654,conditional_hypergeometric_fixed_margins_v1,0.3440000000000001
9,speck,7,test,15000,64,0,0.49766666666666665,0.49216817777777777,0.814,0.18133333333333335,-0.002333333333333354,-0.004666666666666708,-0.015663644444444458,0.47341394142814197,-0.32475895680795064,conditional_hypergeometric_fixed_margins_v1,-0.004666666666666708
9,speck,8,test,15000,64,0,0.5016,0.498378,0.21746666666666667,0.7857333333333333,0.0016000000000000458,0.0032000000000000917,-0.0032440000000000246,0.6480696777482133,-0.18837829808812248,conditional_hypergeometric_fixed_margins_v1,0.0031999999999998696
9,speck,9,test,15000,64,0,0.5014,0.5062436266666668,0.2212,0.7816,0.0013999999999999568,0.0027999999999999137,0.012487253333333559,0.6933361053881368,-0.15905618338329794,conditional_hypergeometric_fixed_margins_v1,0.0027999999999999137
9,speck,10,test,15000,64,0,0.4931333333333333,0.4936889866666667,0.6665333333333333,0.3197333333333333,-0.006866666666666688,-0.013733333333333375,-0.012622026666666564,0.07574978789606818,-1.1206185788744514,conditional_hypergeometric_fixed_margins_v1,-0.013733333333333375
10,speck,3,test,15000,64,0,0.9981333333333333,0.9999887111111111,0.9990666666666667,0.9972,0.4981333333333333,0.9962666666666666,0.9999774222222222,0.0,-4427.873888995487,conditional_hypergeometric_fixed_margins_v1,0.9962666666666666
10,speck,4,test,15000,64,0,0.941,0.9783277422222222,0.918,0.964,0.44099999999999995,0.8819999999999999,0.9566554844444444,0.0,-3080.695077538754,conditional_hypergeometric_fixed_margins_v1,0.8820000000000001
10,speck,5,test,15000,64,0,0.8518,0.9054337511111111,0.8189333333333333,0.8846666666666667,0.3518,0.7036,0.8108675022222223,0.0,-1797.4214131471167,conditional_hypergeometric_fixed_margins_v1,0.7036
10,speck,6,test,15000,64,0,0.6567333333333333,0.6982215466666667,0.49093333333333333,0.8225333333333333,0.15673333333333328,0.31346666666666656,0.3964430933333334,0.0,-371.7708495590737,conditional_hypergeometric_fixed_margins_v1,0.3134666666666668
10,speck,7,test,15000,64,0,0.4982666666666667,0.4968119288888889,0.41746666666666665,0.5790666666666666,-0.001733333333333309,-0.003466666666666618,-0.006376142222222159,0.6791058961502225,-0.16806249887445626,conditional_hypergeometric_fixed_margins_v1,-0.003466666666666729
10,speck,8,test,15000,64,0,0.5081333333333333,0.5093581333333334,0.7002666666666667,0.316,0.008133333333333326,0.01626666666666665,0.018716266666666703,0.03232913735010232,-1.4904058836683298,conditional_hypergeometric_fixed_margins_v1,0.01626666666666665
10,speck,9,test,15000,64,0,0.49833333333333335,0.5039217955555555,0.7532,0.24346666666666666,-0.0016666666666666496,-0.0033333333333332993,0.007843591111110992,0.6487221667992452,-0.1879412619986832,conditional_hypergeometric_fixed_margins_v1,-0.0033333333333334103
10,speck,10,test,15000,64,0,0.4932666666666667,0.4959737244444445,0.4710666666666667,0.5154666666666666,-0.006733333333333313,-0.013466666666666627,-0.008052551111111028,0.10212863712833492,-0.9908524635646595,conditional_hypergeometric_fixed_margins_v1,-0.013466666666666738
